speaker,total_count,s1_count,s2_count,s3_count,s4_count,s5_count,s6_count,s7_count,s8_count,s9_count
Michael,12137,642.0,2324.0,1989.0,1633.0,2163.0,1983.0,1401.0,0.0,2.0
Dwight,7529,326.0,1114.0,939.0,547.0,1074.0,811.0,703.0,946.0,1069.0
Jim,6814,285.0,905.0,783.0,684.0,875.0,928.0,687.0,869.0,798.0
Pam,5375,219.0,729.0,665.0,528.0,706.0,706.0,612.0,475.0,735.0
Andy,3968,0.0,0.0,391.0,223.0,497.0,538.0,557.0,1125.0,637.0
Kevin,1708,30.0,157.0,212.0,141.0,187.0,228.0,240.0,247.0,266.0
Angela,1695,32.0,162.0,243.0,193.0,221.0,136.0,161.0,166.0,381.0
Oscar,1490,58.0,130.0,72.0,111.0,216.0,177.0,197.0,235.0,294.0
Erin,1469,0.0,0.0,0.0,0.0,53.0,298.0,311.0,427.0,380.0
Ryan,1379,52.0,227.0,197.0,228.0,169.0,125.0,176.0,189.0,16.0
Darryl,1243,17.0,76.0,88.0,59.0,102.0,84.0,227.0,312.0,278.0
Phyllis,1071,11.0,134.0,112.0,99.0,180.0,138.0,147.0,123.0,127.0
Kelly,956,4.0,115.0,176.0,95.0,156.0,120.0,153.0,123.0,14.0
Jan,949,38.0,285.0,298.0,214.0,64.0,0.0,17.0,0.0,33.0
Toby,936,23.0,148.0,122.0,144.0,71.0,100.0,97.0,106.0,125.0
Stanley,761,27.0,108.0,94.0,81.0,113.0,72.0,75.0,91.0,100.0
Meredith,645,18.0,41.0,60.0,62.0,115.0,82.0,70.0,83.0,114.0
Holly,608,0.0,0.0,0.0,73.0,270.0,0.0,265.0,0.0,0.0
Nellie,529,0.0,0.0,0.0,0.0,0.0,0.0,9.0,233.0,287.0
Creed,456,0.0,77.0,71.0,67.0,52.0,38.0,66.0,33.0,52.0
Gabe,436,0.0,0.0,0.0,0.0,0.0,86.0,211.0,119.0,20.0
Robert,430,0.0,0.0,0.0,0.0,0.0,0.0,17.0,404.0,9.0
David,382,0.0,12.0,64.0,3.0,127.0,113.0,12.0,26.0,25.0
Karen,341,0.0,0.0,293.0,25.0,22.0,0.0,1.0,0.0,0.0
Clark,260,0.0,0.0,0.0,0.0,0.0,13.0,0.0,0.0,247.0
Roy,255,35.0,106.0,89.0,0.0,14.0,0.0,0.0,0.0,11.0
Charles,221,0.0,0.0,0.0,0.0,221.0,0.0,0.0,0.0,0.0
Pete,213,0.0,0.0,0.0,0.0,15.0,6.0,0.0,0.0,192.0
Jo,194,0.0,0.0,0.0,0.0,0.0,137.0,57.0,0.0,0.0
Deangelo,171,0.0,0.0,0.0,0.0,0.0,0.0,171.0,0.0,0.0
David Wallace,108,0.0,0.0,0.0,4.0,29.0,9.0,0.0,0.0,66.0
Katy,98,73.0,25.0,0.0,0.0,0.0,0.0,0.0,0.0,0.0
Carol,90,0.0,52.0,37.0,0.0,0.0,0.0,0.0,0.0,1.0
Donna,81,0.0,0.0,0.0,0.0,0.0,74.0,7.0,0.0,0.0
DeAngelo,79,0.0,0.0,0.0,0.0,0.0,0.0,79.0,0.0,0.0
Todd Packer,74,11.0,24.0,0.0,0.0,0.0,7.0,5.0,13.0,14.0
Val,73,0.0,0.0,0.0,0.0,0.0,0.0,0.0,56.0,17.0
Danny,68,0.0,0.0,0.0,0.0,0.0,0.0,68.0,0.0,0.0
Josh,64,0.0,11.0,53.0,0.0,0.0,0.0,0.0,0.0,0.0
All,62,0.0,1.0,1.0,7.0,2.0,2.0,18.0,15.0,16.0
Everyone,59,0.0,2.0,5.0,4.0,5.0,14.0,1.0,13.0,15.0
Jessica,56,0.0,0.0,0.0,0.0,3.0,0.0,0.0,53.0,0.0
Nate,55,0.0,0.0,0.0,0.0,0.0,0.0,25.0,24.0,6.0
Packer,55,1.0,7.0,19.0,0.0,0.0,0.0,0.0,28.0,0.0
Brian,53,0.0,0.0,0.0,0.0,0.0,0.0,0.0,0.0,53.0
Mr. Brown,52,52.0,0.0,0.0,0.0,0.0,0.0,0.0,0.0,0.0
Man,50,1.0,7.0,8.0,9.0,3.0,0.0,13.0,2.0,7.0
Cathy,50,0.0,0.0,0.0,0.0,0.0,0.0,0.0,50.0,0.0
Helene,49,0.0,0.0,0.0,0.0,0.0,42.0,5.0,0.0,2.0
Susan,48,0.0,0.0,0.0,0.0,0.0,0.0,0.0,48.0,0.0
Hank,45,0.0,5.0,0.0,7.0,17.0,1.0,7.0,4.0,4.0
Group,40,0.0,0.0,6.0,0.0,2.0,2.0,0.0,5.0,25.0
Todd,40,0.0,1.0,0.0,0.0,0.0,0.0,37.0,0.0,2.0
Daryl,37,0.0,0.0,0.0,0.0,0.0,16.0,21.0,0.0,0.0
Eric,35,0.0,0.0,0.0,0.0,1.0,34.0,0.0,0.0,0.0
Captain Jack,35,0.0,35.0,0.0,0.0,0.0,0.0,0.0,0.0,0.0
Trevor,31,0.0,0.0,0.0,0.0,0.0,0.0,0.0,0.0,31.0
Mose,31,0.0,0.0,0.0,13.0,0.0,0.0,2.0,7.0,9.0
Nick,31,0.0,0.0,0.0,13.0,0.0,18.0,0.0,0.0,0.0
Grotti,30,0.0,0.0,0.0,0.0,0.0,30.0,0.0,0.0,0.0
Guy,29,0.0,4.0,4.0,0.0,4.0,0.0,12.0,0.0,5.0
Tom,29,0.0,0.0,0.0,0.0,13.0,6.0,10.0,0.0,0.0
Bob,29,0.0,2.0,3.0,0.0,19.0,1.0,0.0,4.0,0.0
Isabel,29,0.0,0.0,0.0,0.0,0.0,29.0,0.0,0.0,0.0
Host,28,0.0,0.0,0.0,0.0,0.0,0.0,0.0,28.0,0.0
Senator Lipton,28,0.0,0.0,0.0,0.0,0.0,0.0,0.0,23.0,5.0
Jake,28,0.0,27.0,0.0,0.0,0.0,0.0,0.0,1.0,0.0
Nurse,27,0.0,0.0,0.0,3.0,3.0,19.0,0.0,2.0,0.0
Lester,26,0.0,0.0,0.0,26.0,0.0,0.0,0.0,0.0,0.0
Improv Teacher,26,0.0,26.0,0.0,0.0,0.0,0.0,0.0,0.0,0.0
Harry,25,0.0,0.0,0.0,0.0,0.0,0.0,0.0,25.0,0.0
Mark,25,0.0,2.0,0.0,0.0,2.0,0.0,0.0,0.0,21.0
Tony,24,0.0,0.0,24.0,0.0,0.0,0.0,0.0,0.0,0.0
Ben Franklin,24,0.0,0.0,24.0,0.0,0.0,0.0,0.0,0.0,0.0
Bert,23,0.0,0.0,0.0,0.0,0.0,0.0,0.0,23.0,0.0
AJ,23,0.0,0.0,0.0,0.0,8.0,0.0,15.0,0.0,0.0
Melissa,23,0.0,17.0,6.0,0.0,0.0,0.0,0.0,0.0,0.0
Hannah,23,0.0,0.0,23.0,0.0,0.0,0.0,0.0,0.0,0.0
Woman,23,0.0,0.0,4.0,5.0,2.0,4.0,3.0,1.0,4.0
Casey,22,0.0,0.0,0.0,0.0,0.0,0.0,0.0,0.0,22.0
Jada,22,0.0,0.0,0.0,0.0,0.0,0.0,22.0,0.0,0.0
Bar Manager,22,0.0,0.0,0.0,0.0,0.0,22.0,0.0,0.0,0.0
Irene,22,0.0,0.0,0.0,0.0,0.0,0.0,0.0,22.0,0.0
Pizza guy,22,0.0,0.0,0.0,22.0,0.0,0.0,0.0,0.0,0.0
Esther,21,0.0,0.0,0.0,0.0,0.0,0.0,0.0,0.0,21.0
Walter,21,0.0,0.0,0.0,0.0,0.0,0.0,0.0,21.0,0.0
Vikram,21,0.0,0.0,0.0,11.0,10.0,0.0,0.0,0.0,0.0
Waiter,20,0.0,0.0,4.0,0.0,0.0,0.0,9.0,5.0,2.0
Alan,20,0.0,0.0,8.0,0.0,0.0,12.0,0.0,0.0,0.0
Elizabeth,20,0.0,0.0,17.0,3.0,0.0,0.0,0.0,0.0,0.0
Lonny,20,5.0,3.0,12.0,0.0,0.0,0.0,0.0,0.0,0.0
Alice,19,0.0,0.0,0.0,0.0,0.0,0.0,0.0,0.0,19.0
Crowd,19,0.0,9.0,5.0,0.0,0.0,0.0,0.0,2.0,3.0
Bob Vance,19,0.0,5.0,8.0,3.0,2.0,1.0,0.0,0.0,0.0
Fannie,19,0.0,0.0,0.0,0.0,0.0,0.0,0.0,0.0,19.0
Prince Grandfather,19,0.0,0.0,0.0,0.0,19.0,0.0,0.0,0.0,0.0
Christian,19,0.0,19.0,0.0,0.0,0.0,0.0,0.0,0.0,0.0
Abby,19,0.0,19.0,0.0,0.0,0.0,0.0,0.0,0.0,0.0
Receptionist,19,0.0,2.0,1.0,1.0,6.0,0.0,1.0,8.0,0.0
Brad,18,0.0,0.0,0.0,18.0,0.0,0.0,0.0,0.0,0.0
Martin,18,0.0,0.0,18.0,0.0,0.0,0.0,0.0,0.0,0.0
Diane Kelly,18,0.0,0.0,0.0,18.0,0.0,0.0,0.0,0.0,0.0
Photographer,18,0.0,14.0,1.0,0.0,0.0,0.0,0.0,2.0,1.0
Pam's Mom,18,0.0,18.0,0.0,0.0,0.0,0.0,0.0,0.0,0.0
Luke,18,0.0,0.0,0.0,0.0,0.0,0.0,18.0,0.0,0.0
Brandon,18,0.0,0.0,0.0,0.0,0.0,0.0,0.0,18.0,0.0
Rachel,18,0.0,0.0,11.0,0.0,0.0,0.0,0.0,0.0,7.0
Ryan Howard,17,0.0,0.0,0.0,0.0,0.0,0.0,0.0,0.0,17.0
Shirley,17,0.0,0.0,0.0,0.0,0.0,0.0,0.0,0.0,17.0
Blood Girl,17,0.0,0.0,0.0,0.0,17.0,0.0,0.0,0.0,0.0
Ex-client,17,0.0,0.0,0.0,17.0,0.0,0.0,0.0,0.0,0.0
Billy Merchant,17,0.0,17.0,0.0,0.0,0.0,0.0,0.0,0.0,0.0
Kenny,17,0.0,0.0,11.0,0.0,0.0,0.0,0.0,5.0,1.0
Mary-Beth,17,0.0,17.0,0.0,0.0,0.0,0.0,0.0,0.0,0.0
Senator,16,0.0,0.0,0.0,0.0,0.0,0.0,0.0,7.0,9.0
Lynn,16,0.0,0.0,0.0,0.0,16.0,0.0,0.0,0.0,0.0
Robert California,15,0.0,0.0,0.0,0.0,0.0,0.0,1.0,14.0,0.0
Zeke,15,0.0,0.0,0.0,0.0,0.0,0.0,0.0,0.0,15.0
Hide,14,0.0,0.0,0.0,0.0,0.0,4.0,0.0,2.0,8.0
Sweeney Todd,14,0.0,0.0,0.0,0.0,0.0,0.0,14.0,0.0,0.0
Carroll,14,0.0,0.0,0.0,0.0,0.0,0.0,14.0,0.0,0.0
Manager,14,0.0,10.0,0.0,1.0,0.0,0.0,3.0,0.0,0.0
Barbara,14,0.0,0.0,14.0,0.0,0.0,0.0,0.0,0.0,0.0
HCT,14,0.0,0.0,0.0,0.0,0.0,0.0,0.0,0.0,14.0
Waitress,14,0.0,3.0,1.0,2.0,0.0,7.0,0.0,1.0,0.0
Justin,14,0.0,0.0,0.0,14.0,0.0,0.0,0.0,0.0,0.0
Girl,14,0.0,0.0,0.0,0.0,1.0,0.0,9.0,4.0,0.0
Jerry,14,0.0,0.0,0.0,0.0,0.0,14.0,0.0,0.0,0.0
Everybody,14,8.0,1.0,4.0,1.0,0.0,0.0,0.0,0.0,0.0
Both,13,0.0,0.0,2.0,1.0,1.0,5.0,2.0,1.0,1.0
Hotel Employee,13,0.0,0.0,0.0,0.0,0.0,13.0,0.0,0.0,0.0
Mema,13,0.0,0.0,0.0,0.0,0.0,13.0,0.0,0.0,0.0
Second Cindy,13,0.0,0.0,13.0,0.0,0.0,0.0,0.0,0.0,0.0
Director,13,0.0,0.0,0.0,0.0,0.0,0.0,0.0,0.0,13.0
Julia,13,0.0,0.0,0.0,0.0,13.0,0.0,0.0,0.0,0.0
Jordan,13,0.0,0.0,0.0,0.0,0.0,0.0,13.0,0.0,0.0
Lawyer,13,0.0,0.0,0.0,0.0,2.0,11.0,0.0,0.0,0.0
Troy,12,0.0,0.0,0.0,11.0,0.0,0.0,0.0,0.0,1.0
Bartender,12,0.0,0.0,1.0,7.0,0.0,0.0,0.0,0.0,4.0
Ad guy 1,12,0.0,0.0,0.0,12.0,0.0,0.0,0.0,0.0,0.0
Cece,12,0.0,0.0,0.0,0.0,0.0,0.0,1.0,7.0,4.0
Jeb,12,0.0,0.0,0.0,0.0,0.0,0.0,0.0,0.0,12.0
Julie,12,0.0,0.0,0.0,0.0,0.0,12.0,0.0,0.0,0.0
Sadiq (IT guy),12,0.0,12.0,0.0,0.0,0.0,0.0,0.0,0.0,0.0
Craig,12,0.0,12.0,0.0,0.0,0.0,0.0,0.0,0.0,0.0
Boat Guy,12,0.0,0.0,0.0,0.0,0.0,0.0,0.0,0.0,12.0
Rolf,12,0.0,0.0,0.0,0.0,0.0,0.0,0.0,0.0,12.0
Pam's mom,11,0.0,0.0,0.0,0.0,0.0,11.0,0.0,0.0,0.0
Lauren,11,0.0,0.0,0.0,0.0,0.0,0.0,0.0,11.0,0.0
Customer,11,0.0,0.0,0.0,0.0,5.0,4.0,2.0,0.0,0.0
Broccoli Rob,11,0.0,0.0,0.0,0.0,0.0,0.0,0.0,0.0,11.0
Shane,11,0.0,0.0,0.0,0.0,0.0,11.0,0.0,0.0,0.0
Suit Store Father,11,0.0,0.0,0.0,0.0,0.0,0.0,0.0,0.0,11.0
Michael and Dwight,11,1.0,3.0,3.0,2.0,0.0,2.0,0.0,0.0,0.0
Ed,11,0.0,9.0,0.0,0.0,0.0,0.0,0.0,0.0,2.0
Penny,11,0.0,0.0,0.0,0.0,0.0,11.0,0.0,0.0,0.0
Julius,11,0.0,0.0,3.0,0.0,0.0,0.0,0.0,0.0,8.0
Sherri,11,0.0,11.0,0.0,0.0,0.0,0.0,0.0,0.0,0.0
Robert Dunder,11,0.0,0.0,0.0,11.0,0.0,0.0,0.0,0.0,0.0
Lefevre,11,0.0,0.0,0.0,0.0,0.0,11.0,0.0,0.0,0.0
Financial Guy,11,0.0,0.0,0.0,0.0,11.0,0.0,0.0,0.0,0.0
Salesman,11,0.0,0.0,0.0,0.0,0.0,0.0,10.0,0.0,1.0
Sensei,11,0.0,0.0,0.0,0.0,0.0,0.0,0.0,0.0,11.0
Mr. Ramish,11,0.0,0.0,0.0,0.0,0.0,0.0,0.0,11.0,0.0
Megan,10,0.0,0.0,0.0,0.0,0.0,3.0,0.0,7.0,0.0
HCT Member #3,10,0.0,0.0,0.0,0.0,0.0,0.0,0.0,0.0,10.0
Isaac,10,0.0,0.0,0.0,0.0,7.0,0.0,0.0,0.0,3.0
Carla,10,0.0,0.0,0.0,0.0,0.0,0.0,2.0,0.0,8.0
Suit Store Son,10,0.0,0.0,0.0,0.0,0.0,0.0,0.0,0.0,10.0
Police Officer 1,10,0.0,0.0,0.0,0.0,10.0,0.0,0.0,0.0,0.0
Computron,10,0.0,0.0,0.0,0.0,0.0,10.0,0.0,0.0,0.0
Nana,10,0.0,0.0,0.0,0.0,10.0,0.0,0.0,0.0,0.0
Phil,10,0.0,0.0,0.0,10.0,0.0,0.0,0.0,0.0,0.0
Merv,10,0.0,0.0,0.0,0.0,0.0,0.0,10.0,0.0,0.0
Athlead Employee,10,0.0,0.0,0.0,0.0,0.0,0.0,0.0,0.0,10.0
Maurie,10,0.0,0.0,0.0,0.0,0.0,10.0,0.0,0.0,0.0
Kathy,10,0.0,0.0,0.0,0.0,0.0,3.0,0.0,7.0,0.0
Alex,10,0.0,0.0,0.0,0.0,10.0,0.0,0.0,0.0,0.0
Sasha,10,0.0,8.0,0.0,0.0,1.0,0.0,0.0,1.0,0.0
Wolf,10,0.0,0.0,0.0,0.0,0.0,0.0,0.0,0.0,10.0
Front Desk Clerk,10,0.0,0.0,0.0,0.0,0.0,10.0,0.0,0.0,0.0
Business partner,10,0.0,0.0,0.0,0.0,0.0,0.0,0.0,0.0,10.0
Man on Phone,10,10.0,0.0,0.0,0.0,0.0,0.0,0.0,0.0,0.0
Magician,10,0.0,0.0,0.0,0.0,0.0,0.0,0.0,10.0,0.0
Diane,10,0.0,0.0,0.0,10.0,0.0,0.0,0.0,0.0,0.0
Graphics guy,10,0.0,0.0,0.0,10.0,0.0,0.0,0.0,0.0,0.0
Stephanie,9,0.0,0.0,0.0,0.0,6.0,3.0,0.0,0.0,0.0
Chad Lite,9,0.0,0.0,9.0,0.0,0.0,0.0,0.0,0.0,0.0
Doctor,9,0.0,5.0,0.0,0.0,0.0,3.0,0.0,0.0,1.0
Micheal,9,0.0,0.0,1.0,0.0,6.0,1.0,1.0,0.0,0.0
Matt,9,0.0,0.0,0.0,0.0,0.0,9.0,0.0,0.0,0.0
Fred,9,0.0,0.0,0.0,0.0,0.0,0.0,9.0,0.0,0.0
Rolph,9,0.0,0.0,0.0,0.0,9.0,0.0,0.0,0.0,0.0
Ravi,9,0.0,0.0,0.0,0.0,0.0,0.0,0.0,2.0,7.0
Master,9,0.0,9.0,0.0,0.0,0.0,0.0,0.0,0.0,0.0
Lady,9,0.0,0.0,2.0,0.0,0.0,0.0,2.0,5.0,0.0
Dana,9,0.0,9.0,0.0,0.0,0.0,0.0,0.0,0.0,0.0
Isabelle,9,0.0,0.0,0.0,0.0,0.0,9.0,0.0,0.0,0.0
Denise,9,0.0,0.0,9.0,0.0,0.0,0.0,0.0,0.0,0.0
Mikela,9,0.0,0.0,0.0,0.0,0.0,9.0,0.0,0.0,0.0
Cameron,9,0.0,0.0,0.0,0.0,0.0,0.0,0.0,0.0,9.0
Devon,9,0.0,9.0,0.0,0.0,0.0,0.0,0.0,0.0,0.0
Ira,9,0.0,9.0,0.0,0.0,0.0,0.0,0.0,0.0,0.0
Secretary,8,0.0,0.0,0.0,0.0,4.0,2.0,0.0,0.0,2.0
Hunter,8,0.0,0.0,8.0,0.0,0.0,0.0,0.0,0.0,0.0
Tattoo Artist,8,0.0,0.0,0.0,0.0,0.0,0.0,0.0,8.0,0.0
Kendall,8,0.0,0.0,0.0,0.0,8.0,0.0,0.0,0.0,0.0
Rose,8,0.0,0.0,0.0,0.0,8.0,0.0,0.0,0.0,0.0
Pastor,8,0.0,0.0,0.0,0.0,0.0,0.0,7.0,0.0,1.0
Frank,8,0.0,0.0,0.0,0.0,0.0,0.0,0.0,0.0,8.0
Shelby,8,0.0,0.0,0.0,0.0,0.0,0.0,8.0,0.0,0.0
Speaker,8,0.0,2.0,0.0,0.0,0.0,0.0,0.0,6.0,0.0
A.J.,8,0.0,0.0,0.0,0.0,8.0,0.0,0.0,0.0,0.0
Margaret,8,0.0,0.0,0.0,8.0,0.0,0.0,0.0,0.0,0.0
Sheriff,8,0.0,8.0,0.0,0.0,0.0,0.0,0.0,0.0,0.0
Bill,8,0.0,8.0,0.0,0.0,0.0,0.0,0.0,0.0,0.0
Hospital employee,8,0.0,0.0,0.0,0.0,0.0,8.0,0.0,0.0,0.0
Blood Drive Worker,8,0.0,0.0,0.0,0.0,8.0,0.0,0.0,0.0,0.0
Linda,7,0.0,5.0,0.0,0.0,2.0,0.0,0.0,0.0,0.0
Edward R. Meow,7,0.0,7.0,0.0,0.0,0.0,0.0,0.0,0.0,0.0
Kid,7,0.0,3.0,0.0,2.0,0.0,1.0,1.0,0.0,0.0
Uncle Al,7,0.0,0.0,7.0,0.0,0.0,0.0,0.0,0.0,0.0
Phone Salesman,7,0.0,0.0,0.0,0.0,7.0,0.0,0.0,0.0,0.0
Check-in guy,7,0.0,0.0,0.0,0.0,0.0,0.0,0.0,0.0,7.0
Brenda,7,0.0,7.0,0.0,0.0,0.0,0.0,0.0,0.0,0.0
Harvey,7,0.0,0.0,7.0,0.0,0.0,0.0,0.0,0.0,0.0
Video Michael,7,0.0,0.0,0.0,0.0,0.0,0.0,7.0,0.0,0.0
Madge,7,3.0,2.0,2.0,0.0,0.0,0.0,0.0,0.0,0.0
Mr. Schofield,7,0.0,0.0,0.0,0.0,7.0,0.0,0.0,0.0,0.0
Gil,6,0.0,2.0,4.0,0.0,0.0,0.0,0.0,0.0,0.0
Larry Myers,6,0.0,0.0,0.0,6.0,0.0,0.0,0.0,0.0,0.0
Vance Refrigeration Worker #1,6,0.0,6.0,0.0,0.0,0.0,0.0,0.0,0.0,0.0
Jamie,6,0.0,0.0,6.0,0.0,0.0,0.0,0.0,0.0,0.0
Producer,6,0.0,0.0,0.0,0.0,0.0,0.0,0.0,0.0,6.0
Sam,6,0.0,0.0,0.0,0.0,6.0,0.0,0.0,0.0,0.0
Blonde,6,0.0,0.0,0.0,0.0,6.0,0.0,0.0,0.0,0.0
Keena Gifford,6,0.0,0.0,0.0,0.0,0.0,6.0,0.0,0.0,0.0
Evan,6,0.0,0.0,6.0,0.0,0.0,0.0,0.0,0.0,0.0
Lily,6,0.0,0.0,0.0,0.0,6.0,0.0,0.0,0.0,0.0
Glenn,6,0.0,0.0,0.0,0.0,0.0,0.0,0.0,4.0,2.0
Worker,6,5.0,0.0,0.0,0.0,0.0,0.0,0.0,0.0,1.0
Attendant,6,0.0,0.0,0.0,0.0,0.0,0.0,6.0,0.0,0.0
Vet,6,0.0,0.0,0.0,0.0,0.0,0.0,0.0,6.0,0.0
Dwight and Michael,6,0.0,3.0,1.0,1.0,1.0,0.0,0.0,0.0,0.0
DunMiff/sys,6,0.0,0.0,0.0,6.0,0.0,0.0,0.0,0.0,0.0
Kids,6,0.0,2.0,0.0,0.0,0.0,3.0,1.0,0.0,0.0
Ad guy 2,6,0.0,0.0,0.0,6.0,0.0,0.0,0.0,0.0,0.0
Paris,6,0.0,0.0,6.0,0.0,0.0,0.0,0.0,0.0,0.0
Police Officer 2,6,0.0,0.0,0.0,0.0,6.0,0.0,0.0,0.0,0.0
Rep,6,0.0,0.0,0.0,0.0,0.0,6.0,0.0,0.0,0.0
Student 2,6,0.0,0.0,6.0,0.0,0.0,0.0,0.0,0.0,0.0
Fake Jim,6,0.0,0.0,0.0,0.0,0.0,0.0,0.0,0.0,6.0
Song,6,0.0,6.0,0.0,0.0,0.0,0.0,0.0,0.0,0.0
Walter Jr,6,0.0,0.0,0.0,0.0,0.0,0.0,0.0,6.0,0.0
Client,6,0.0,0.0,0.0,0.0,2.0,0.0,1.0,3.0,0.0
Phone,6,0.0,0.0,1.0,0.0,1.0,0.0,0.0,4.0,0.0
Teddy,6,0.0,0.0,0.0,0.0,0.0,6.0,0.0,0.0,0.0
Dealer,5,0.0,5.0,0.0,0.0,0.0,0.0,0.0,0.0,0.0
Passer-by,5,0.0,0.0,0.0,0.0,0.0,0.0,5.0,0.0,0.0
Professor,5,0.0,0.0,0.0,0.0,5.0,0.0,0.0,0.0,0.0
Reid,5,0.0,0.0,0.0,0.0,0.0,5.0,0.0,0.0,0.0
Delivery man,5,0.0,5.0,0.0,0.0,0.0,0.0,0.0,0.0,0.0
Holly's Dad,5,0.0,0.0,0.0,0.0,0.0,0.0,5.0,0.0,0.0
Michel,5,1.0,0.0,0.0,0.0,1.0,2.0,1.0,0.0,0.0
Joan,5,0.0,0.0,0.0,0.0,0.0,0.0,0.0,0.0,5.0
Mr. Halpert,5,0.0,0.0,0.0,0.0,0.0,5.0,0.0,0.0,0.0
Justine,5,0.0,0.0,0.0,0.0,0.0,0.0,2.0,3.0,0.0
Tall Girl #1,5,0.0,0.0,0.0,5.0,0.0,0.0,0.0,0.0,0.0
Stripper,5,0.0,0.0,0.0,0.0,0.0,0.0,0.0,0.0,5.0
Phil Maguire,5,0.0,0.0,0.0,5.0,0.0,0.0,0.0,0.0,0.0
Marie,5,0.0,0.0,0.0,0.0,5.0,0.0,0.0,0.0,0.0
Melvina,5,0.0,0.0,0.0,0.0,0.0,0.0,0.0,0.0,5.0
Hot Dog Guy,5,0.0,0.0,0.0,0.0,0.0,0.0,5.0,0.0,0.0
Hank the Security Guard,5,0.0,5.0,0.0,0.0,0.0,0.0,0.0,0.0,0.0
Wendy's phone operator,5,0.0,0.0,0.0,5.0,0.0,0.0,0.0,0.0,0.0
Friend,5,0.0,0.0,0.0,0.0,5.0,0.0,0.0,0.0,0.0
Laurie,5,0.0,0.0,0.0,0.0,0.0,5.0,0.0,0.0,0.0
Mrs. Davis,5,0.0,0.0,0.0,0.0,0.0,0.0,0.0,0.0,5.0
Girl in 2nd club,5,0.0,0.0,0.0,5.0,0.0,0.0,0.0,0.0,0.0
Mr. Ruger,5,0.0,0.0,0.0,0.0,0.0,0.0,0.0,0.0,5.0
Kelly's Mom,5,0.0,0.0,5.0,0.0,0.0,0.0,0.0,0.0,0.0
Party Photographer,5,0.0,0.0,0.0,0.0,0.0,0.0,0.0,0.0,5.0
Doug,5,0.0,0.0,0.0,0.0,0.0,0.0,5.0,0.0,0.0
Girl in Club,5,0.0,0.0,0.0,5.0,0.0,0.0,0.0,0.0,0.0
Helen,5,0.0,0.0,0.0,0.0,0.0,0.0,5.0,0.0,0.0
Students,5,0.0,0.0,0.0,0.0,0.0,4.0,1.0,0.0,0.0
Intern,5,0.0,0.0,0.0,5.0,0.0,0.0,0.0,0.0,0.0
Announcer,5,0.0,0.0,1.0,0.0,0.0,0.0,0.0,4.0,0.0
"Andy, Creed, Kevin, Kelly",5,0.0,0.0,0.0,5.0,0.0,0.0,0.0,0.0,0.0
Reporter,5,0.0,0.0,0.0,0.0,0.0,3.0,2.0,0.0,0.0
Carla Fern,5,0.0,0.0,0.0,0.0,0.0,0.0,0.0,0.0,5.0
O'Keefe,5,0.0,0.0,0.0,0.0,0.0,5.0,0.0,0.0,0.0
Steve,5,0.0,0.0,0.0,0.0,0.0,0.0,5.0,0.0,0.0
Andy and Dwight,5,0.0,0.0,0.0,0.0,0.0,5.0,0.0,0.0,0.0
Micahel,4,0.0,0.0,0.0,1.0,0.0,0.0,3.0,0.0,0.0
Business Student #1,4,0.0,0.0,4.0,0.0,0.0,0.0,0.0,0.0,0.0
VRG 1,4,0.0,0.0,0.0,0.0,4.0,0.0,0.0,0.0,0.0
School Official,4,0.0,0.0,4.0,0.0,0.0,0.0,0.0,0.0,0.0
Colin,4,0.0,0.0,0.0,0.0,0.0,0.0,0.0,0.0,4.0
Michael & Holly,4,0.0,0.0,0.0,0.0,4.0,0.0,0.0,0.0,0.0
Professor Powell,4,0.0,0.0,0.0,0.0,0.0,0.0,4.0,0.0,0.0
Mark McGrath,4,0.0,0.0,0.0,0.0,0.0,0.0,0.0,0.0,4.0
Prince Granddaughter,4,0.0,0.0,0.0,0.0,4.0,0.0,0.0,0.0,0.0
Video,4,0.0,2.0,2.0,0.0,0.0,0.0,0.0,0.0,0.0
Mexican Man,4,0.0,0.0,0.0,0.0,0.0,0.0,4.0,0.0,0.0
Pam [on phone],4,0.0,0.0,0.0,0.0,4.0,0.0,0.0,0.0,0.0
Andy and Jim,4,0.0,0.0,4.0,0.0,0.0,0.0,0.0,0.0,0.0
Barbara Allen,4,0.0,0.0,4.0,0.0,0.0,0.0,0.0,0.0,0.0
Buyer,4,0.0,0.0,2.0,0.0,0.0,0.0,0.0,0.0,2.0
Old Lady,4,0.0,0.0,0.0,0.0,0.0,0.0,0.0,4.0,0.0
Teacher,4,0.0,0.0,0.0,0.0,0.0,4.0,0.0,0.0,0.0
Son,4,0.0,0.0,0.0,0.0,0.0,0.0,4.0,0.0,0.0
Aaron Rodgers,4,0.0,0.0,0.0,0.0,0.0,0.0,0.0,0.0,4.0
Wally Amos,4,0.0,0.0,0.0,0.0,0.0,0.0,0.0,4.0,0.0
Bill Hader,4,0.0,0.0,0.0,0.0,0.0,0.0,0.0,0.0,4.0
Jerome Bettis,4,0.0,0.0,4.0,0.0,0.0,0.0,0.0,0.0,0.0
Hotel Manager,4,0.0,0.0,0.0,0.0,0.0,4.0,0.0,0.0,0.0
Someone,4,0.0,0.0,2.0,2.0,0.0,0.0,0.0,0.0,0.0
Ben,4,0.0,0.0,0.0,4.0,0.0,0.0,0.0,0.0,0.0
Audience,4,0.0,0.0,0.0,0.0,0.0,0.0,2.0,1.0,1.0
GPS,4,0.0,0.0,0.0,4.0,0.0,0.0,0.0,0.0,0.0
Jim and Pam,4,0.0,1.0,0.0,0.0,1.0,0.0,2.0,0.0,0.0
Mr. Figaro,4,0.0,0.0,0.0,4.0,0.0,0.0,0.0,0.0,0.0
Blogger,4,0.0,0.0,0.0,0.0,0.0,0.0,0.0,4.0,0.0
Realtor,4,0.0,0.0,0.0,0.0,0.0,4.0,0.0,0.0,0.0
Ernesto,4,0.0,0.0,0.0,0.0,0.0,0.0,0.0,4.0,0.0
Billy,4,0.0,4.0,0.0,0.0,0.0,0.0,0.0,0.0,0.0
Santigold,4,0.0,0.0,0.0,0.0,0.0,0.0,0.0,0.0,4.0
Old Woman,4,0.0,0.0,0.0,0.0,1.0,0.0,3.0,0.0,0.0
W.B. Jones,4,0.0,0.0,0.0,4.0,0.0,0.0,0.0,0.0,0.0
Walt Jr.,4,0.0,0.0,0.0,0.0,0.0,0.0,0.0,0.0,4.0
Rolando,4,0.0,0.0,0.0,2.0,2.0,0.0,0.0,0.0,0.0
Vance Refrigeration Guy,4,0.0,0.0,0.0,0.0,4.0,0.0,0.0,0.0,0.0
Limo Driver,4,0.0,0.0,0.0,0.0,0.0,2.0,0.0,0.0,2.0
Phillip,4,0.0,0.0,0.0,0.0,0.0,0.0,0.0,0.0,4.0
Holly's Mom,4,0.0,0.0,0.0,0.0,0.0,0.0,4.0,0.0,0.0
Priest,4,0.0,0.0,4.0,0.0,0.0,0.0,0.0,0.0,0.0
Hayworth's waiter,4,0.0,0.0,0.0,0.0,0.0,4.0,0.0,0.0,0.0
Old Man,4,0.0,0.0,0.0,0.0,0.0,0.0,0.0,4.0,0.0
Beth,4,0.0,0.0,0.0,0.0,4.0,0.0,0.0,0.0,0.0
Mother,4,0.0,0.0,0.0,0.0,4.0,0.0,0.0,0.0,0.0
Jakey,4,0.0,0.0,0.0,0.0,0.0,0.0,0.0,0.0,4.0
Younger Guy,3,0.0,0.0,0.0,0.0,0.0,0.0,3.0,0.0,0.0
Deposition Reporter,3,0.0,0.0,0.0,3.0,0.0,0.0,0.0,0.0,0.0
Businessman #3,3,0.0,0.0,0.0,0.0,0.0,0.0,0.0,0.0,3.0
Documentary Crew Member,3,3.0,0.0,0.0,0.0,0.0,0.0,0.0,0.0,0.0
Warehouse Guy,3,0.0,1.0,0.0,0.0,0.0,1.0,1.0,0.0,0.0
Officer 1,3,0.0,0.0,0.0,3.0,0.0,0.0,0.0,0.0,0.0
Senator Liptop,3,0.0,0.0,0.0,0.0,0.0,0.0,0.0,0.0,3.0
Andy and Darryl,3,0.0,0.0,0.0,0.0,0.0,0.0,0.0,3.0,0.0
Aunt Shirley,3,0.0,0.0,0.0,0.0,0.0,0.0,0.0,0.0,3.0
Pretzel guy,3,0.0,0.0,3.0,0.0,0.0,0.0,0.0,0.0,0.0
Co-Worker 2,3,0.0,0.0,0.0,3.0,0.0,0.0,0.0,0.0,0.0
Mrs. Wallace,3,0.0,0.0,0.0,0.0,0.0,3.0,0.0,0.0,0.0
Man from Buffalo,3,0.0,0.0,0.0,0.0,3.0,0.0,0.0,0.0,0.0
Oscar's friend,3,0.0,0.0,0.0,0.0,0.0,0.0,0.0,3.0,0.0
Businessman #2,3,0.0,0.0,0.0,0.0,0.0,0.0,0.0,0.0,3.0
Cookie Monster,3,0.0,0.0,0.0,0.0,0.0,3.0,0.0,0.0,0.0
Henry,3,0.0,0.0,0.0,0.0,0.0,0.0,0.0,0.0,3.0
IT Tech Guy,3,0.0,0.0,0.0,3.0,0.0,0.0,0.0,0.0,0.0
Ellen,3,0.0,0.0,0.0,0.0,0.0,0.0,0.0,3.0,0.0
Co-worker,3,0.0,0.0,0.0,0.0,0.0,0.0,0.0,0.0,3.0
DwightKSchrute,3,0.0,0.0,0.0,3.0,0.0,0.0,0.0,0.0,0.0
Ronnie,3,0.0,0.0,0.0,0.0,3.0,0.0,0.0,0.0,0.0
Dakota,3,0.0,0.0,0.0,0.0,0.0,0.0,0.0,0.0,3.0
Business Student #2,3,0.0,0.0,3.0,0.0,0.0,0.0,0.0,0.0,0.0
Delivery Woman,3,0.0,3.0,0.0,0.0,0.0,0.0,0.0,0.0,0.0
Curtis,3,0.0,0.0,0.0,0.0,0.0,0.0,0.0,3.0,0.0
Woman over speakerphone,3,0.0,0.0,0.0,3.0,0.0,0.0,0.0,0.0,0.0
DJ,3,0.0,0.0,0.0,0.0,0.0,0.0,3.0,0.0,0.0
Various,3,0.0,0.0,0.0,0.0,0.0,1.0,0.0,2.0,0.0
Spanish Teacher,3,0.0,0.0,3.0,0.0,0.0,0.0,0.0,0.0,0.0
Mr. Romanko,3,0.0,0.0,0.0,0.0,0.0,0.0,0.0,0.0,3.0
Dennis,3,0.0,0.0,0.0,0.0,0.0,0.0,0.0,0.0,3.0
Little Girl,3,0.0,0.0,0.0,0.0,0.0,1.0,2.0,0.0,0.0
Marcy,3,0.0,0.0,3.0,0.0,0.0,0.0,0.0,0.0,0.0
Warehouse Crew,3,0.0,0.0,0.0,0.0,0.0,0.0,0.0,3.0,0.0
Kelly's Father,3,0.0,0.0,3.0,0.0,0.0,0.0,0.0,0.0,0.0
Male Applicant 1,3,0.0,0.0,0.0,0.0,0.0,0.0,0.0,3.0,0.0
VRG 2,3,0.0,0.0,0.0,0.0,3.0,0.0,0.0,0.0,0.0
Bus driver,3,0.0,0.0,0.0,0.0,0.0,0.0,3.0,0.0,0.0
Vance Refrigeration guy,3,0.0,0.0,0.0,1.0,2.0,0.0,0.0,0.0,0.0
Window treatment guy,3,0.0,0.0,0.0,0.0,0.0,0.0,3.0,0.0,0.0
Michael ,3,0.0,0.0,1.0,0.0,0.0,1.0,1.0,0.0,0.0
Vance Refrigeration Worker #2,3,0.0,3.0,0.0,0.0,0.0,0.0,0.0,0.0,0.0
Server,3,0.0,0.0,1.0,0.0,0.0,0.0,0.0,0.0,2.0
Andy & Walter,3,0.0,0.0,0.0,0.0,0.0,0.0,0.0,3.0,0.0
Male church member,3,0.0,0.0,0.0,0.0,0.0,0.0,3.0,0.0,0.0
Calvin,3,0.0,0.0,0.0,0.0,0.0,0.0,0.0,3.0,0.0
CPR Trainer,3,0.0,0.0,0.0,0.0,3.0,0.0,0.0,0.0,0.0
German Minister,3,0.0,0.0,0.0,0.0,0.0,0.0,0.0,0.0,3.0
Angela & Oscar,3,0.0,0.0,0.0,0.0,0.0,0.0,0.0,0.0,3.0
Actor,3,0.0,3.0,0.0,0.0,0.0,0.0,0.0,0.0,0.0
Gabor,3,0.0,0.0,0.0,0.0,0.0,0.0,0.0,0.0,3.0
Molly,3,0.0,0.0,0.0,0.0,0.0,0.0,0.0,0.0,3.0
Pam as fourth-biggest client,3,0.0,0.0,0.0,0.0,0.0,0.0,3.0,0.0,0.0
Andy & Michael,3,0.0,0.0,2.0,0.0,0.0,1.0,0.0,0.0,0.0
Woman in line,3,0.0,0.0,0.0,0.0,0.0,3.0,0.0,0.0,0.0
Malcolm,3,0.0,0.0,0.0,0.0,0.0,0.0,0.0,0.0,3.0
Leo,3,0.0,0.0,0.0,0.0,3.0,0.0,0.0,0.0,0.0
Andy & Erin,3,0.0,0.0,0.0,0.0,0.0,2.0,0.0,1.0,0.0
Warehouse guy 1,3,0.0,0.0,0.0,0.0,0.0,3.0,0.0,0.0,0.0
Michael & Dwight,3,0.0,0.0,1.0,0.0,0.0,2.0,0.0,0.0,0.0
Park Ranger,3,0.0,0.0,0.0,0.0,0.0,0.0,0.0,3.0,0.0
Co-Worker 3,3,0.0,0.0,0.0,3.0,0.0,0.0,0.0,0.0,0.0
Concierge,3,0.0,0.0,0.0,0.0,3.0,0.0,0.0,0.0,0.0
Stonewall Host,3,0.0,0.0,0.0,0.0,0.0,0.0,0.0,3.0,0.0
Seth Mayers,3,0.0,0.0,0.0,0.0,0.0,0.0,0.0,0.0,3.0
Women,3,0.0,1.0,1.0,0.0,0.0,0.0,1.0,0.0,0.0
Amy,3,0.0,0.0,0.0,3.0,0.0,0.0,0.0,0.0,0.0
Meredith's Vet,3,0.0,3.0,0.0,0.0,0.0,0.0,0.0,0.0,0.0
Lab Tech,3,0.0,3.0,0.0,0.0,0.0,0.0,0.0,0.0,0.0
Guy at table,3,0.0,0.0,0.0,0.0,3.0,0.0,0.0,0.0,0.0
Astrid,3,0.0,0.0,0.0,0.0,0.0,0.0,3.0,0.0,0.0
Usher,3,0.0,0.0,0.0,0.0,0.0,0.0,2.0,0.0,1.0
Pediatrician,3,0.0,0.0,0.0,3.0,0.0,0.0,0.0,0.0,0.0
CameraMan,2,0.0,0.0,0.0,0.0,0.0,0.0,0.0,0.0,2.0
Guy in audience,2,0.0,0.0,0.0,0.0,2.0,0.0,0.0,0.0,0.0
Jim & Dwight,2,0.0,0.0,0.0,0.0,0.0,0.0,0.0,0.0,2.0
Bob's Secretary,2,0.0,0.0,0.0,0.0,0.0,0.0,0.0,2.0,0.0
Young Michael,2,0.0,2.0,0.0,0.0,0.0,0.0,0.0,0.0,0.0
Dwight ,2,0.0,0.0,1.0,0.0,1.0,0.0,0.0,0.0,0.0
Narrator,2,0.0,0.0,0.0,0.0,0.0,0.0,0.0,2.0,0.0
Concierge Marie,2,0.0,0.0,0.0,0.0,2.0,0.0,0.0,0.0,0.0
Michael and Christian,2,0.0,2.0,0.0,0.0,0.0,0.0,0.0,0.0,0.0
Pam and Jim,2,0.0,1.0,0.0,1.0,0.0,0.0,0.0,0.0,0.0
Paramedic,2,0.0,0.0,0.0,0.0,0.0,0.0,0.0,2.0,0.0
Office,2,0.0,0.0,0.0,0.0,0.0,1.0,1.0,0.0,0.0
Promo Announcer,2,0.0,0.0,0.0,0.0,0.0,0.0,0.0,0.0,2.0
Gideon,2,0.0,0.0,0.0,0.0,0.0,0.0,0.0,2.0,0.0
Voice on CD player,2,0.0,0.0,0.0,0.0,0.0,2.0,0.0,0.0,0.0
Robotic Voice,2,0.0,0.0,0.0,0.0,0.0,0.0,2.0,0.0,0.0
Child,2,0.0,0.0,2.0,0.0,0.0,0.0,0.0,0.0,0.0
Officer 2,2,0.0,0.0,0.0,2.0,0.0,0.0,0.0,0.0,0.0
Member,2,0.0,0.0,0.0,0.0,0.0,0.0,2.0,0.0,0.0
Michael [on phone],2,0.0,0.0,0.0,0.0,2.0,0.0,0.0,0.0,0.0
Dwight and Andy,2,0.0,0.0,0.0,0.0,1.0,1.0,0.0,0.0,0.0
Other waitress,2,0.0,0.0,2.0,0.0,0.0,0.0,0.0,0.0,0.0
Hostess,2,0.0,1.0,0.0,0.0,0.0,1.0,0.0,0.0,0.0
Ruger Sister 1,2,0.0,0.0,0.0,0.0,0.0,0.0,0.0,0.0,2.0
Kelly and Erin,2,0.0,0.0,0.0,0.0,0.0,1.0,1.0,0.0,0.0
Nail stylist 2,2,0.0,0.0,0.0,0.0,0.0,0.0,0.0,0.0,2.0
Deangelo/Michael,2,0.0,0.0,0.0,0.0,0.0,0.0,2.0,0.0,0.0
Cindy,2,0.0,0.0,2.0,0.0,0.0,0.0,0.0,0.0,0.0
Moderator,2,0.0,0.0,0.0,0.0,0.0,0.0,0.0,0.0,2.0
Nail manager,2,0.0,0.0,0.0,0.0,0.0,0.0,0.0,0.0,2.0
Gym instructor,2,0.0,0.0,0.0,0.0,0.0,2.0,0.0,0.0,0.0
"Jim, Pam, Michael and Dwight",2,0.0,0.0,0.0,0.0,2.0,0.0,0.0,0.0,0.0
Holy,2,0.0,0.0,0.0,1.0,0.0,0.0,1.0,0.0,0.0
Receptionitis15,2,0.0,0.0,0.0,0.0,2.0,0.0,0.0,0.0,0.0
Wrangler,2,0.0,0.0,0.0,0.0,0.0,0.0,0.0,2.0,0.0
Air Force recruiter,2,0.0,0.0,0.0,2.0,0.0,0.0,0.0,0.0,0.0
Jim ,2,0.0,0.0,0.0,0.0,2.0,0.0,0.0,0.0,0.0
David Brent,2,0.0,0.0,0.0,0.0,0.0,0.0,2.0,0.0,0.0
David Wallace's Secretary,2,0.0,0.0,0.0,0.0,0.0,2.0,0.0,0.0,0.0
Liquor Store Clerk,2,0.0,2.0,0.0,0.0,0.0,0.0,0.0,0.0,0.0
Guy At Bar,2,0.0,2.0,0.0,0.0,0.0,0.0,0.0,0.0,0.0
Stanely,2,0.0,0.0,0.0,2.0,0.0,0.0,0.0,0.0,0.0
Woman from Buffalo,2,0.0,0.0,0.0,0.0,2.0,0.0,0.0,0.0,0.0
Woman 4,2,0.0,0.0,0.0,0.0,0.0,0.0,0.0,0.0,2.0
Businessman #1,2,0.0,0.0,0.0,0.0,0.0,0.0,0.0,0.0,2.0
Woman 2,2,0.0,0.0,0.0,0.0,0.0,0.0,0.0,0.0,2.0
JIM9334,2,0.0,0.0,0.0,0.0,2.0,0.0,0.0,0.0,0.0
Darryl's sister,2,0.0,0.0,0.0,0.0,0.0,0.0,2.0,0.0,0.0
Larry,2,0.0,0.0,2.0,0.0,0.0,0.0,0.0,0.0,0.0
Warehouse worker,2,2.0,0.0,0.0,0.0,0.0,0.0,0.0,0.0,0.0
Soldier,2,0.0,0.0,0.0,0.0,0.0,0.0,0.0,1.0,1.0
Dwight & Andy,2,0.0,0.0,0.0,0.0,0.0,2.0,0.0,0.0,0.0
Warehouse guy,2,0.0,2.0,0.0,0.0,0.0,0.0,0.0,0.0,0.0
Bookstore employee,2,0.0,0.0,0.0,0.0,0.0,0.0,2.0,0.0,0.0
Policeman,2,0.0,0.0,0.0,0.0,0.0,2.0,0.0,0.0,0.0
Paul,2,0.0,0.0,0.0,2.0,0.0,0.0,0.0,0.0,0.0
Girl at table,2,0.0,0.0,0.0,0.0,0.0,2.0,0.0,0.0,0.0
Officer Foley,2,0.0,0.0,0.0,0.0,0.0,0.0,0.0,2.0,0.0
Darrly,2,0.0,0.0,0.0,0.0,0.0,0.0,2.0,0.0,0.0
Jessica Alba,2,0.0,0.0,0.0,0.0,2.0,0.0,0.0,0.0,0.0
Albiny,2,0.0,2.0,0.0,0.0,0.0,0.0,0.0,0.0,0.0
Miss Trudy,2,0.0,2.0,0.0,0.0,0.0,0.0,0.0,0.0,0.0
HCT Member #2,2,0.0,0.0,0.0,0.0,0.0,0.0,0.0,0.0,2.0
Clay Aiken,2,0.0,0.0,0.0,0.0,0.0,0.0,0.0,0.0,2.0
Overhead,2,0.0,1.0,1.0,0.0,0.0,0.0,0.0,0.0,0.0
Bass Player,2,0.0,0.0,0.0,0.0,0.0,0.0,2.0,0.0,0.0
Randy,2,0.0,0.0,2.0,0.0,0.0,0.0,0.0,0.0,0.0
Rory,2,0.0,0.0,0.0,0.0,0.0,0.0,2.0,0.0,0.0
Phylis,2,0.0,1.0,0.0,0.0,1.0,0.0,0.0,0.0,0.0
Man on phone,2,0.0,0.0,0.0,0.0,2.0,0.0,0.0,0.0,0.0
Student 1,2,0.0,0.0,2.0,0.0,0.0,0.0,0.0,0.0,0.0
Meridith,2,0.0,0.0,0.0,0.0,0.0,0.0,2.0,0.0,0.0
Chef,2,0.0,0.0,2.0,0.0,0.0,0.0,0.0,0.0,0.0
Gwenneth,2,0.0,0.0,0.0,0.0,0.0,2.0,0.0,0.0,0.0
Dwight and Erin,2,0.0,0.0,0.0,0.0,1.0,0.0,1.0,0.0,0.0
Ty,2,0.0,0.0,0.0,0.0,2.0,0.0,0.0,0.0,0.0
Pam as ninth-biggest client,2,0.0,0.0,0.0,0.0,0.0,0.0,2.0,0.0,0.0
Security,2,0.0,0.0,0.0,0.0,0.0,2.0,0.0,0.0,0.0
Female Athlead Employee,2,0.0,0.0,0.0,0.0,0.0,0.0,0.0,0.0,2.0
Off-camera,2,0.0,0.0,0.0,0.0,0.0,0.0,0.0,0.0,2.0
Billy's Girlfriend,2,0.0,2.0,0.0,0.0,0.0,0.0,0.0,0.0,0.0
Warren,2,0.0,0.0,0.0,0.0,0.0,0.0,2.0,0.0,0.0
Older Woman,2,0.0,0.0,0.0,0.0,0.0,0.0,2.0,0.0,0.0
Minister,2,0.0,0.0,0.0,0.0,0.0,0.0,0.0,0.0,2.0
Lonnie,2,0.0,0.0,0.0,0.0,0.0,0.0,0.0,0.0,2.0
Voice #1 on phone,2,0.0,0.0,0.0,2.0,0.0,0.0,0.0,0.0,0.0
Female Applicant,2,0.0,0.0,0.0,0.0,0.0,0.0,0.0,2.0,0.0
Donna Muraski,2,0.0,0.0,0.0,0.0,0.0,0.0,0.0,2.0,0.0
Jim & Pam,2,0.0,0.0,0.0,0.0,0.0,2.0,0.0,0.0,0.0
Delivery Boy,2,0.0,2.0,0.0,0.0,0.0,0.0,0.0,0.0,0.0
Archivist,2,0.0,0.0,0.0,0.0,0.0,0.0,0.0,2.0,0.0
Chet,2,0.0,2.0,0.0,0.0,0.0,0.0,0.0,0.0,0.0
Ballerinas,2,0.0,0.0,0.0,0.0,0.0,0.0,0.0,0.0,2.0
Mr. Beesly,2,0.0,0.0,0.0,0.0,0.0,2.0,0.0,0.0,0.0
Co-workers,2,0.0,0.0,0.0,2.0,0.0,0.0,0.0,0.0,0.0
Cell Phone Sales Person,2,0.0,0.0,0.0,0.0,0.0,0.0,2.0,0.0,0.0
Business Student #3,2,0.0,0.0,2.0,0.0,0.0,0.0,0.0,0.0,0.0
Prince Grandmother,2,0.0,0.0,0.0,0.0,2.0,0.0,0.0,0.0,0.0
Michael and Jim,2,0.0,2.0,0.0,0.0,0.0,0.0,0.0,0.0,0.0
Others,2,0.0,0.0,0.0,0.0,0.0,0.0,0.0,2.0,0.0
Voicemail,2,0.0,0.0,0.0,0.0,0.0,0.0,0.0,0.0,2.0
Female Intern,2,0.0,0.0,0.0,0.0,0.0,2.0,0.0,0.0,0.0
Michae,2,0.0,0.0,0.0,2.0,0.0,0.0,0.0,0.0,0.0
Man 2,2,0.0,0.0,0.0,0.0,0.0,0.0,0.0,0.0,2.0
Coffee shop worker,1,0.0,0.0,0.0,1.0,0.0,0.0,0.0,0.0,0.0
Erin and Kelly,1,0.0,0.0,0.0,0.0,0.0,0.0,1.0,0.0,0.0
Philip,1,0.0,0.0,0.0,0.0,0.0,0.0,0.0,0.0,1.0
New Instant Message,1,0.0,0.0,0.0,0.0,0.0,0.0,0.0,0.0,1.0
Walter & Walter Jr,1,0.0,0.0,0.0,0.0,0.0,0.0,0.0,1.0,0.0
"Phyllis, Stanley, Dwight",1,0.0,0.0,0.0,0.0,0.0,0.0,1.0,0.0,0.0
Party Announcer,1,0.0,0.0,0.0,0.0,0.0,0.0,0.0,0.0,1.0
Holly & Darryl,1,0.0,0.0,0.0,0.0,1.0,0.0,0.0,0.0,0.0
Male voice,1,0.0,0.0,1.0,0.0,0.0,0.0,0.0,0.0,0.0
Tom Halpert,1,0.0,0.0,0.0,0.0,0.0,1.0,0.0,0.0,0.0
Darryl and Andy,1,0.0,0.0,0.0,0.0,0.0,0.0,1.0,0.0,0.0
Jim's voicemail,1,0.0,1.0,0.0,0.0,0.0,0.0,0.0,0.0,0.0
Dwight:,1,0.0,0.0,1.0,0.0,0.0,0.0,0.0,0.0,0.0
All but Oscar,1,0.0,0.0,0.0,0.0,0.0,0.0,1.0,0.0,0.0
Zion,1,0.0,0.0,0.0,0.0,0.0,1.0,0.0,0.0,0.0
Teddy Wallace,1,0.0,0.0,0.0,0.0,0.0,1.0,0.0,0.0,0.0
Fast Food Worker,1,0.0,0.0,0.0,0.0,0.0,0.0,0.0,0.0,1.0
Paul Faust,1,0.0,0.0,0.0,1.0,0.0,0.0,0.0,0.0,0.0
"Michael, Pam & Ryan",1,0.0,0.0,0.0,0.0,1.0,0.0,0.0,0.0,0.0
Entire Prince family,1,0.0,0.0,0.0,0.0,1.0,0.0,0.0,0.0,0.0
Girl acting Pregnant,1,0.0,1.0,0.0,0.0,0.0,0.0,0.0,0.0,0.0
Man 3,1,0.0,0.0,0.0,0.0,0.0,0.0,0.0,0.0,1.0
Lady Blogger,1,0.0,0.0,0.0,0.0,0.0,0.0,0.0,1.0,0.0
"Meredith, Creed, Oscar and Matt",1,0.0,0.0,0.0,0.0,0.0,1.0,0.0,0.0,0.0
The Kids,1,0.0,1.0,0.0,0.0,0.0,0.0,0.0,0.0,0.0
D,1,0.0,0.0,0.0,0.0,0.0,1.0,0.0,0.0,0.0
Denagelo,1,0.0,0.0,0.0,0.0,0.0,0.0,1.0,0.0,0.0
Kevin & Oscar,1,0.0,1.0,0.0,0.0,0.0,0.0,0.0,0.0,0.0
Christian Slater,1,0.0,0.0,0.0,0.0,0.0,1.0,0.0,0.0,0.0
Cousin Mose,1,0.0,0.0,1.0,0.0,0.0,0.0,0.0,0.0,0.0
Carol Stills,1,0.0,0.0,0.0,0.0,0.0,0.0,0.0,0.0,1.0
Male Applicant 2,1,0.0,0.0,0.0,0.0,0.0,0.0,0.0,1.0,0.0
Ryan and Michael,1,0.0,0.0,0.0,0.0,0.0,0.0,1.0,0.0,0.0
Dale,1,0.0,0.0,0.0,0.0,0.0,1.0,0.0,0.0,0.0
Reporter #2,1,0.0,0.0,0.0,0.0,0.0,0.0,0.0,0.0,1.0
Dwight [on phone],1,0.0,0.0,0.0,0.0,0.0,0.0,1.0,0.0,0.0
Actress,1,0.0,1.0,0.0,0.0,0.0,0.0,0.0,0.0,0.0
Hunter's CD,1,0.0,0.0,0.0,1.0,0.0,0.0,0.0,0.0,0.0
"Dwight, Jim and Michael",1,0.0,0.0,0.0,0.0,0.0,1.0,0.0,0.0,0.0
Unknown,1,0.0,0.0,1.0,0.0,0.0,0.0,0.0,0.0,0.0
Dwight and Angela,1,0.0,0.0,0.0,0.0,0.0,1.0,0.0,0.0,0.0
Mihael,1,0.0,0.0,0.0,0.0,0.0,1.0,0.0,0.0,0.0
Woman 3,1,0.0,0.0,0.0,0.0,0.0,0.0,0.0,0.0,1.0
Camera Crew,1,0.0,0.0,0.0,0.0,0.0,0.0,0.0,0.0,1.0
Wade,1,0.0,0.0,0.0,0.0,0.0,0.0,0.0,0.0,1.0
Radio,1,0.0,0.0,0.0,0.0,0.0,0.0,1.0,0.0,0.0
Security guard,1,0.0,0.0,0.0,1.0,0.0,0.0,0.0,0.0,0.0
Emergency Operator,1,0.0,0.0,0.0,0.0,0.0,0.0,0.0,1.0,0.0
Roger,1,0.0,0.0,0.0,0.0,0.0,0.0,0.0,0.0,1.0
Patty,1,0.0,0.0,0.0,0.0,0.0,0.0,0.0,1.0,0.0
Hank [the security guard],1,0.0,0.0,0.0,0.0,1.0,0.0,0.0,0.0,0.0
"Bob Vance, Vance Refrigeration",1,0.0,0.0,0.0,0.0,0.0,0.0,0.0,0.0,1.0
Finger Lakes Guy,1,0.0,0.0,0.0,0.0,0.0,0.0,1.0,0.0,0.0
Dacvid Wallace,1,0.0,0.0,0.0,0.0,1.0,0.0,0.0,0.0,0.0
Alyssa,1,0.0,1.0,0.0,0.0,0.0,0.0,0.0,0.0,0.0
Prince Son,1,0.0,0.0,0.0,0.0,1.0,0.0,0.0,0.0,0.0
"[Clark and Pete are shown on screen]
Video Andy: Hey, I'm Pete, puberty is such a drag, man. And I'm Clark! I like to eat toilet paper. [Clark and Pete wave at camera] We fail! [Video shows memorial of Jerry",1,0.0,0.0,0.0,0.0,0.0,0.0,0.0,0.0,1.0
Supervisor,1,0.0,0.0,0.0,0.0,1.0,0.0,0.0,0.0,0.0
"Dwight, Jim & Pam",1,0.0,0.0,0.0,0.0,0.0,1.0,0.0,0.0,0.0
HCT Member #1,1,0.0,0.0,0.0,0.0,0.0,0.0,0.0,0.0,1.0
abe,1,0.0,0.0,0.0,0.0,0.0,0.0,1.0,0.0,0.0
Production Assistant,1,0.0,0.0,0.0,0.0,0.0,0.0,0.0,0.0,1.0
Andy/Pam,1,0.0,0.0,0.0,0.0,0.0,0.0,0.0,1.0,0.0
Voice #2 on phone,1,0.0,0.0,0.0,1.0,0.0,0.0,0.0,0.0,0.0
Older guy,1,0.0,0.0,0.0,0.0,0.0,0.0,1.0,0.0,0.0
Group chant,1,0.0,1.0,0.0,0.0,0.0,0.0,0.0,0.0,0.0
Employees except Dwight,1,0.0,0.0,0.0,0.0,0.0,0.0,1.0,0.0,0.0
Meredith & Kelly,1,0.0,0.0,0.0,0.0,0.0,0.0,0.0,1.0,0.0
Dwight and Roy,1,0.0,1.0,0.0,0.0,0.0,0.0,0.0,0.0,0.0
Julius Irving,1,0.0,0.0,0.0,0.0,0.0,0.0,0.0,0.0,1.0
Maguire,1,0.0,0.0,0.0,1.0,0.0,0.0,0.0,0.0,0.0
"Phyllis, Kevin & Stanley",1,0.0,0.0,0.0,0.0,0.0,0.0,0.0,0.0,1.0
Fourth Shareholder,1,0.0,0.0,0.0,0.0,0.0,1.0,0.0,0.0,0.0
Michael/Dwight,1,0.0,0.0,0.0,1.0,0.0,0.0,0.0,0.0,0.0
Michael and Andy,1,0.0,0.0,0.0,0.0,0.0,0.0,1.0,0.0,0.0
Doug [church member],1,0.0,0.0,0.0,0.0,0.0,0.0,1.0,0.0,0.0
Boom Box,1,0.0,0.0,0.0,0.0,0.0,0.0,1.0,0.0,0.0
MeeMaw,1,0.0,0.0,0.0,0.0,0.0,0.0,1.0,0.0,0.0
Pam & Dwight,1,0.0,0.0,0.0,0.0,0.0,0.0,0.0,0.0,1.0
Robert & Creed,1,0.0,0.0,0.0,0.0,0.0,0.0,0.0,1.0,0.0
Fake Stanley,1,0.0,0.0,0.0,0.0,0.0,1.0,0.0,0.0,0.0
MIchael,1,0.0,0.0,1.0,0.0,0.0,0.0,0.0,0.0,0.0
"Michael, Holly, and Darryl",1,0.0,0.0,0.0,0.0,1.0,0.0,0.0,0.0,0.0
Darryl and Katy,1,0.0,1.0,0.0,0.0,0.0,0.0,0.0,0.0,0.0
Office Staff,1,0.0,1.0,0.0,0.0,0.0,0.0,0.0,0.0,0.0
Vance Refrigeration Guy 2,1,0.0,0.0,0.0,0.0,1.0,0.0,0.0,0.0,0.0
Dan,1,0.0,1.0,0.0,0.0,0.0,0.0,0.0,0.0,0.0
Rehab Nurse,1,0.0,0.0,0.0,0.0,1.0,0.0,0.0,0.0,0.0
Employee,1,0.0,1.0,0.0,0.0,0.0,0.0,0.0,0.0,0.0
I.D. Photographer,1,0.0,1.0,0.0,0.0,0.0,0.0,0.0,0.0,0.0
Party guests,1,0.0,0.0,0.0,0.0,0.0,0.0,0.0,1.0,0.0
Mr. O'Malley,1,0.0,1.0,0.0,0.0,0.0,0.0,0.0,0.0,0.0
Chili's Employee,1,0.0,1.0,0.0,0.0,0.0,0.0,0.0,0.0,0.0
Ted,1,0.0,0.0,1.0,0.0,0.0,0.0,0.0,0.0,0.0
Mrs. Kapoor,1,0.0,0.0,1.0,0.0,0.0,0.0,0.0,0.0,0.0
Miichael,1,0.0,0.0,0.0,0.0,0.0,1.0,0.0,0.0,0.0
Nail stylist 1,1,0.0,0.0,0.0,0.0,0.0,0.0,0.0,0.0,1.0
Blogger 2,1,0.0,0.0,0.0,0.0,0.0,0.0,0.0,1.0,0.0
Parent in Audience,1,0.0,0.0,0.0,0.0,0.0,0.0,0.0,0.0,1.0
Party Waiter,1,0.0,0.0,0.0,0.0,0.0,0.0,0.0,0.0,1.0
Third Shareholder,1,0.0,0.0,0.0,0.0,0.0,1.0,0.0,0.0,0.0
Neighbor,1,0.0,0.0,0.0,1.0,0.0,0.0,0.0,0.0,0.0
Female Shareholder,1,0.0,0.0,0.0,0.0,0.0,1.0,0.0,0.0,0.0
Darryl and Kevin,1,0.0,0.0,0.0,0.0,0.0,0.0,0.0,1.0,0.0
Man 1,1,0.0,0.0,0.0,0.0,0.0,0.0,0.0,0.0,1.0
Angels,1,0.0,0.0,0.0,1.0,0.0,0.0,0.0,0.0,0.0
Gabe/Kelly/Toby,1,0.0,0.0,0.0,0.0,0.0,0.0,0.0,1.0,0.0
Hooter's Girls,1,0.0,1.0,0.0,0.0,0.0,0.0,0.0,0.0,0.0
Warehouse guys,1,0.0,1.0,0.0,0.0,0.0,0.0,0.0,0.0,0.0
Andy and Erin,1,0.0,0.0,0.0,0.0,0.0,0.0,1.0,0.0,0.0
"Dwight, Erin, Jim & Kevin",1,0.0,0.0,0.0,0.0,0.0,0.0,0.0,1.0,0.0
Dwight & Nate,1,0.0,0.0,0.0,0.0,0.0,0.0,1.0,0.0,0.0
Warehouse Michael,1,0.0,0.0,0.0,0.0,1.0,0.0,0.0,0.0,0.0
Cameraman,1,0.0,0.0,0.0,0.0,0.0,0.0,0.0,0.0,1.0
Alonzo,1,0.0,0.0,0.0,0.0,0.0,0.0,0.0,1.0,0.0
Holly & Michael,1,0.0,0.0,0.0,0.0,1.0,0.0,0.0,0.0,0.0
"Phyllis, Meredith, Michael, Kevin",1,0.0,1.0,0.0,0.0,0.0,0.0,0.0,0.0,0.0
Ryan and others,1,0.0,0.0,1.0,0.0,0.0,0.0,0.0,0.0,0.0
Man in line,1,0.0,0.0,0.0,0.0,0.0,1.0,0.0,0.0,0.0
JIM9334 [screen name],1,0.0,0.0,0.0,0.0,1.0,0.0,0.0,0.0,0.0
Second Shareholder,1,0.0,0.0,0.0,0.0,0.0,1.0,0.0,0.0,0.0
Nellie and Pam,1,0.0,0.0,0.0,0.0,0.0,0.0,0.0,0.0,1.0
Cleaning lady,1,0.0,0.0,0.0,1.0,0.0,0.0,0.0,0.0,0.0
People in line,1,0.0,0.0,0.0,0.0,0.0,0.0,0.0,0.0,1.0
Pam's dad,1,0.0,0.0,0.0,0.0,0.0,1.0,0.0,0.0,0.0
Merv Bronte,1,0.0,0.0,0.0,0.0,0.0,0.0,1.0,0.0,0.0
Men,1,0.0,1.0,0.0,0.0,0.0,0.0,0.0,0.0,0.0
Woman at bar,1,0.0,0.0,1.0,0.0,0.0,0.0,0.0,0.0,0.0
Redheaded Actress,1,0.0,1.0,0.0,0.0,0.0,0.0,0.0,0.0,0.0
Michael's Ad,1,0.0,0.0,0.0,1.0,0.0,0.0,0.0,0.0,0.0
Dacvid Walalce,1,0.0,0.0,0.0,0.0,1.0,0.0,0.0,0.0,0.0
Student 3,1,0.0,0.0,1.0,0.0,0.0,0.0,0.0,0.0,0.0
Council,1,0.0,0.0,0.0,1.0,0.0,0.0,0.0,0.0,0.0
Sensei Ira,1,0.0,0.0,0.0,0.0,0.0,0.0,0.0,0.0,1.0
Deliveryman,1,0.0,0.0,0.0,0.0,0.0,1.0,0.0,0.0,0.0
Stanley & Phyllis,1,0.0,0.0,0.0,0.0,1.0,0.0,0.0,0.0,0.0
Guy at bar,1,0.0,1.0,0.0,0.0,0.0,0.0,0.0,0.0,0.0
Ruger Sister 2,1,0.0,0.0,0.0,0.0,0.0,0.0,0.0,0.0,1.0
Female church member [to Michael],1,0.0,0.0,0.0,0.0,0.0,0.0,1.0,0.0,0.0
Bouncer,1,0.0,0.0,0.0,0.0,0.0,1.0,0.0,0.0,0.0
Angela/Pam,1,0.0,0.0,0.0,0.0,0.0,0.0,0.0,1.0,0.0
Angel,1,0.0,0.0,0.0,0.0,0.0,0.0,1.0,0.0,0.0
Tech Guy,1,0.0,0.0,0.0,1.0,0.0,0.0,0.0,0.0,0.0
Erin's Cell Phone,1,0.0,0.0,0.0,0.0,0.0,0.0,0.0,1.0,0.0
(Pam's mom) Heleen,1,0.0,0.0,0.0,0.0,0.0,1.0,0.0,0.0,0.0
Casey Dean,1,0.0,0.0,0.0,0.0,0.0,0.0,0.0,0.0,1.0
Pam/Jim,1,0.0,1.0,0.0,0.0,0.0,0.0,0.0,0.0,0.0
Darry,1,0.0,0.0,1.0,0.0,0.0,0.0,0.0,0.0,0.0
Athlead Coworker,1,0.0,0.0,0.0,0.0,0.0,0.0,0.0,0.0,1.0
Michael and Donna,1,0.0,0.0,0.0,0.0,0.0,1.0,0.0,0.0,0.0
Phyllis and Creed,1,0.0,0.0,0.0,0.0,1.0,0.0,0.0,0.0,0.0
"Jim, Josh, and Dwight",1,0.0,0.0,1.0,0.0,0.0,0.0,0.0,0.0,0.0
Amanda,1,0.0,0.0,0.0,0.0,0.0,0.0,0.0,1.0,0.0
All Girls,1,0.0,0.0,0.0,1.0,0.0,0.0,0.0,0.0,0.0
Night cleaning crew,1,0.0,0.0,0.0,0.0,0.0,1.0,0.0,0.0,0.0
Young Man,1,0.0,0.0,1.0,0.0,0.0,0.0,0.0,0.0,0.0
CPR trainer,1,0.0,0.0,0.0,0.0,1.0,0.0,0.0,0.0,0.0
Glen,1,0.0,0.0,0.0,0.0,0.0,1.0,0.0,0.0,0.0
Fred Henry,1,0.0,0.0,0.0,0.0,0.0,0.0,1.0,0.0,0.0
Mose [on phone],1,0.0,0.0,0.0,0.0,0.0,0.0,1.0,0.0,0.0
Drive Thru Customer,1,0.0,0.0,0.0,0.0,0.0,0.0,0.0,0.0,1.0
Officer,1,0.0,0.0,0.0,1.0,0.0,0.0,0.0,0.0,0.0
Registrar,1,0.0,0.0,0.0,0.0,0.0,1.0,0.0,0.0,0.0
Store Employee,1,0.0,1.0,0.0,0.0,0.0,0.0,0.0,0.0,0.0
Gym Instructor,1,0.0,0.0,0.0,0.0,0.0,1.0,0.0,0.0,0.0
Phyliss,1,0.0,0.0,0.0,0.0,0.0,0.0,1.0,0.0,0.0
sAndy,1,0.0,0.0,0.0,1.0,0.0,0.0,0.0,0.0,0.0
Prince,1,0.0,0.0,0.0,0.0,1.0,0.0,0.0,0.0,0.0
Woman 1,1,0.0,0.0,0.0,0.0,0.0,0.0,0.0,0.0,1.0
White,1,0.0,0.0,0.0,0.0,0.0,0.0,0.0,0.0,1.0
Voice of Thomas Dean,1,0.0,0.0,0.0,1.0,0.0,0.0,0.0,0.0,0.0
Bill Cress,1,0.0,0.0,0.0,1.0,0.0,0.0,0.0,0.0,0.0
Girls,1,0.0,0.0,1.0,0.0,0.0,0.0,0.0,0.0,0.0
Michael and Erin,1,0.0,0.0,0.0,0.0,0.0,1.0,0.0,0.0,0.0
Pam ,1,0.0,0.0,0.0,0.0,0.0,0.0,1.0,0.0,0.0
Mee-Maw,1,0.0,0.0,0.0,0.0,0.0,0.0,1.0,0.0,0.0
Another guy,1,0.0,0.0,0.0,0.0,0.0,0.0,1.0,0.0,0.0
Dwight.,1,0.0,0.0,0.0,0.0,0.0,1.0,0.0,0.0,0.0
"Group: Dunder Mifflin!
Andy: Andy Bernard presents: Summer Softball Epic Fails! [Kevin swings bat on screen, fart noise follows] Fail. [repeats] Fail",1,0.0,0.0,0.0,0.0,0.0,0.0,0.0,0.0,1.0
"Andy, Creed, Kevin, Kelly, Darryl",1,0.0,0.0,0.0,1.0,0.0,0.0,0.0,0.0,0.0
DeAgnelo,1,0.0,0.0,0.0,0.0,0.0,0.0,1.0,0.0,0.0
Bruce,1,0.0,0.0,0.0,0.0,0.0,0.0,0.0,1.0,0.0
Co-Worker 1,1,0.0,0.0,0.0,1.0,0.0,0.0,0.0,0.0,0.0
Parent in audience #2,1,0.0,0.0,0.0,0.0,0.0,0.0,0.0,0.0,1.0
Kevin's computer,1,0.0,1.0,0.0,0.0,0.0,0.0,0.0,0.0,0.0
Church congregation,1,0.0,0.0,0.0,0.0,0.0,0.0,1.0,0.0,0.0
Everyone watching,1,0.0,0.0,0.0,0.0,1.0,0.0,0.0,0.0,0.0
Man in Video,1,0.0,1.0,0.0,0.0,0.0,0.0,0.0,0.0,0.0
Andy/Oscar,1,0.0,0.0,0.0,0.0,0.0,0.0,0.0,1.0,0.0
Warren Buffett,1,0.0,0.0,0.0,0.0,0.0,0.0,1.0,0.0,0.0
Parent in audience #1,1,0.0,0.0,0.0,0.0,0.0,0.0,0.0,0.0,1.0
Angela and Dwight,1,0.0,0.0,0.0,1.0,0.0,0.0,0.0,0.0,0.0
All the Men,1,0.0,1.0,0.0,0.0,0.0,0.0,0.0,0.0,0.0
Promo Voice,1,0.0,0.0,0.0,0.0,0.0,0.0,0.0,0.0,1.0
Tall Girl #2,1,0.0,0.0,0.0,1.0,0.0,0.0,0.0,0.0,0.0
Mr. Kapoor,1,0.0,0.0,1.0,0.0,0.0,0.0,0.0,0.0,0.0
Andy and Michael,1,0.0,0.0,1.0,0.0,0.0,0.0,0.0,0.0,0.0
Oscar's Computer,1,0.0,0.0,0.0,0.0,0.0,0.0,0.0,0.0,1.0
Michal,1,0.0,0.0,0.0,0.0,1.0,0.0,0.0,0.0,0.0
Other Guy at Bar,1,0.0,1.0,0.0,0.0,0.0,0.0,0.0,0.0,0.0
Carrol,1,0.0,0.0,0.0,0.0,0.0,0.0,1.0,0.0,0.0
Pam and Kelly,1,0.0,0.0,0.0,0.0,0.0,0.0,0.0,1.0,0.0
Children,1,0.0,1.0,0.0,0.0,0.0,0.0,0.0,0.0,0.0
Investor,1,0.0,0.0,0.0,0.0,0.0,0.0,0.0,0.0,1.0
Travel Agent,1,1.0,0.0,0.0,0.0,0.0,0.0,0.0,0.0,0.0
Jo Bennett,1,0.0,0.0,0.0,0.0,0.0,1.0,0.0,0.0,0.0
Darryl & Oscar,1,0.0,0.0,0.0,0.0,0.0,0.0,0.0,1.0,0.0
Automated phone voice,1,0.0,0.0,0.0,0.0,1.0,0.0,0.0,0.0,0.0
Nellie Bertram,1,0.0,0.0,0.0,0.0,0.0,0.0,1.0,0.0,0.0
Female church member,1,0.0,0.0,0.0,0.0,0.0,0.0,1.0,0.0,0.0
Einsteins,1,0.0,0.0,0.0,0.0,0.0,0.0,0.0,1.0,0.0
Employees,1,0.0,0.0,0.0,0.0,1.0,0.0,0.0,0.0,0.0
Michael and Holly,1,0.0,0.0,0.0,0.0,1.0,0.0,0.0,0.0,0.0
M ichael,1,0.0,0.0,1.0,0.0,0.0,0.0,0.0,0.0,0.0
Woman on mic,1,0.0,0.0,0.0,1.0,0.0,0.0,0.0,0.0,0.0
Credit card rep,1,0.0,0.0,0.0,0.0,0.0,1.0,0.0,0.0,0.0
Jim's Dad,1,0.0,0.0,0.0,0.0,0.0,0.0,1.0,0.0,0.0
Salesmen,1,0.0,0.0,0.0,0.0,0.0,0.0,0.0,0.0,1.0
Darryl and Angela,1,0.0,0.0,0.0,0.0,0.0,0.0,1.0,0.0,0.0
Teammates,1,1.0,0.0,0.0,0.0,0.0,0.0,0.0,0.0,0.0
Entire office,1,0.0,0.0,0.0,0.0,1.0,0.0,0.0,0.0,0.0
Ryan and Kelly,1,0.0,0.0,0.0,0.0,0.0,0.0,1.0,0.0,0.0
4th Athlead Employee,1,0.0,0.0,0.0,0.0,0.0,0.0,0.0,0.0,1.0
Artist,1,0.0,0.0,1.0,0.0,0.0,0.0,0.0,0.0,0.0
Dance Teacher,1,0.0,0.0,0.0,0.0,0.0,0.0,0.0,0.0,1.0
3rd Athlead Employee,1,0.0,0.0,0.0,0.0,0.0,0.0,0.0,0.0,1.0
Anglea,1,0.0,1.0,0.0,0.0,0.0,0.0,0.0,0.0,0.0
Drummer,1,0.0,0.0,0.0,0.0,0.0,0.0,0.0,1.0,0.0
Co-worker #2,1,0.0,0.0,0.0,0.0,0.0,0.0,0.0,0.0,1.0
Guys in breakroom,1,0.0,0.0,0.0,0.0,0.0,0.0,0.0,0.0,1.0
Tom and Pete,1,0.0,0.0,0.0,0.0,0.0,1.0,0.0,0.0,0.0
Reporter #1,1,0.0,0.0,0.0,0.0,0.0,0.0,0.0,0.0,1.0
"[repeats]
Andy: Fail",1,0.0,0.0,0.0,0.0,0.0,0.0,0.0,0.0,1.0
Warehouse guy 2,1,0.0,0.0,0.0,0.0,0.0,1.0,0.0,0.0,0.0
Offscreen,1,0.0,0.0,0.0,0.0,0.0,0.0,0.0,1.0,0.0
Kevin & Andy,1,0.0,0.0,0.0,0.0,1.0,0.0,0.0,0.0,0.0
Together,1,0.0,0.0,0.0,0.0,0.0,0.0,1.0,0.0,0.0
"Andy, Darryl & Officer Foley",1,0.0,0.0,0.0,0.0,0.0,0.0,0.0,1.0,0.0
Kevin & Meredith,1,0.0,0.0,0.0,0.0,0.0,0.0,0.0,1.0,0.0
JIm,1,0.0,1.0,0.0,0.0,0.0,0.0,0.0,0.0,0.0
Michael and Darryl,1,0.0,0.0,0.0,1.0,0.0,0.0,0.0,0.0,0.0
Rafe,1,0.0,0.0,0.0,0.0,0.0,0.0,0.0,0.0,1.0
Female intern,1,0.0,0.0,0.0,0.0,0.0,1.0,0.0,0.0,0.0
Stu,1,0.0,0.0,0.0,0.0,0.0,0.0,0.0,1.0,0.0
Pam and others,1,0.0,1.0,0.0,0.0,0.0,0.0,0.0,0.0,0.0
Jim and Dwight,1,0.0,1.0,0.0,0.0,0.0,0.0,0.0,0.0,0.0
Female worker,1,0.0,1.0,0.0,0.0,0.0,0.0,0.0,0.0,0.0
Oscar's voice from the computer,1,0.0,0.0,0.0,0.0,0.0,1.0,0.0,0.0,0.0
Saleswoman,1,0.0,0.0,0.0,0.0,0.0,0.0,0.0,1.0,0.0
David Wallcve,1,0.0,0.0,0.0,0.0,1.0,0.0,0.0,0.0,0.0
Mrs. California,1,0.0,0.0,0.0,0.0,0.0,0.0,0.0,1.0,0.0
Ryan's Voicemail,1,0.0,1.0,0.0,0.0,0.0,0.0,0.0,0.0,0.0
Chelsea,1,0.0,0.0,0.0,0.0,0.0,0.0,0.0,1.0,0.0
Micael,1,0.0,0.0,0.0,1.0,0.0,0.0,0.0,0.0,0.0
Stewardess,1,0.0,0.0,0.0,0.0,1.0,0.0,0.0,0.0,0.0
Andy/Stanley,1,0.0,0.0,0.0,0.0,0.0,0.0,0.0,1.0,0.0
Receptionitis15 [screen name],1,0.0,0.0,0.0,0.0,1.0,0.0,0.0,0.0,0.0
song,1,0.0,1.0,0.0,0.0,0.0,0.0,0.0,0.0,0.0
Dight,1,0.0,0.0,0.0,0.0,1.0,0.0,0.0,0.0,0.0
Staples Guy,1,0.0,0.0,1.0,0.0,0.0,0.0,0.0,0.0,0.0
Vance Refrigeration Guy 1,1,0.0,0.0,0.0,0.0,1.0,0.0,0.0,0.0,0.0
Pete Halpert,1,0.0,0.0,0.0,0.0,0.0,1.0,0.0,0.0,0.0
Queerenstein Bears,1,0.0,0.0,0.0,0.0,0.0,0.0,0.0,1.0,0.0
Erin and Irene,1,0.0,0.0,0.0,0.0,0.0,0.0,0.0,1.0,0.0
Chares,1,0.0,0.0,0.0,0.0,1.0,0.0,0.0,0.0,0.0
Jan [on phone],1,0.0,0.0,0.0,1.0,0.0,0.0,0.0,0.0,0.0
Party Guest,1,0.0,0.0,0.0,0.0,0.0,0.0,0.0,0.0,1.0
Shareholder,1,0.0,0.0,0.0,0.0,0.0,1.0,0.0,0.0,0.0
Oscar and Stanley,1,0.0,0.0,0.0,1.0,0.0,0.0,0.0,0.0,0.0
College Student,1,0.0,0.0,1.0,0.0,0.0,0.0,0.0,0.0,0.0
TV,1,0.0,0.0,0.0,0.0,0.0,0.0,1.0,0.0,0.0
Guy buying doll,1,0.0,0.0,0.0,0.0,1.0,0.0,0.0,0.0,0.0
Old lady,1,0.0,0.0,0.0,0.0,0.0,1.0,0.0,0.0,0.0
Angela and Kelly,1,0.0,0.0,0.0,0.0,1.0,0.0,0.0,0.0,0.0
Dan Gore,1,0.0,0.0,1.0,0.0,0.0,0.0,0.0,0.0,0.0
Warehouse Worker,1,1.0,0.0,0.0,0.0,0.0,0.0,0.0,0.0,0.0
Elderly Woman,1,0.0,0.0,0.0,0.0,0.0,0.0,0.0,1.0,0.0
